"variable","type","n_missing","pct_missing"
"S1","factor",0,0
"S2_1","numeric",0,0
"S2_2","numeric",0,0
"S2_3","numeric",0,0
"S2_4","numeric",0,0
"S2_5","numeric",0,0
"S2_6","numeric",0,0
"S2_7","numeric",0,0
"S3","factor",0,0
"S4","factor",0,0
"S5","factor",0,0
"S6","numeric",0,0
"AGE","numeric",5,0.17
"S7","factor",0,0
"S8_14_OTHER","factor",0,0
"S9_15_OTHER","factor",0,0
"S10","factor",0,0
"S10_21_OTHER","factor",0,0
"C1_1","numeric",0,0
"C1_2","numeric",0,0
"C1_3","numeric",0,0
"C1_4","numeric",0,0
"C1_5","numeric",0,0
"C1_6","numeric",0,0
"C1_7","numeric",0,0
"C1_8","numeric",0,0
"C1_9","numeric",0,0
"C1_10","numeric",0,0
"C1_11","numeric",0,0
"C1_12","numeric",0,0
"C1_13","numeric",0,0
"C1_14","numeric",0,0
"C1_15","numeric",0,0
"C2","factor",0,0
"C3","factor",0,0
"C4","factor",0,0
"C5","factor",0,0
"C6","factor",0,0
"C7","factor",0,0
"C8","factor",0,0
"C9","factor",0,0
"C10","factor",0,0
"C11","factor",0,0
"C12","factor",1186,39.51
"C13","factor",1347,44.87
"C15","factor",0,0
"L18","factor",0,0
"L19","factor",0,0
"L20","factor",0,0
"L21","factor",1186,39.51
"L22","factor",0,0
"C23","factor",0,0
"L24","factor",0,0
"C25","factor",0,0
"C26","factor",1081,36.01
"C31","factor",0,0
"C32","factor",0,0
"C33","factor",0,0
"C34_1","numeric",907,30.21
"C34_2","numeric",907,30.21
"C34_3","numeric",907,30.21
"C34_4","numeric",907,30.21
"C34_5","numeric",907,30.21
"C34_OTHER","factor",0,0
"C35_OTHER","factor",0,0
"C38","factor",0,0
"C39","factor",0,0
"C40","factor",0,0
"C41","factor",0,0
"C42","factor",0,0
"C43","factor",0,0
"C44","factor",0,0
"C45","factor",0,0
"L46","factor",0,0
"C47","factor",0,0
"C48","factor",0,0
"C49","factor",0,0
"C50","factor",0,0
"C53","factor",0,0
"C56","factor",0,0
"C57","factor",0,0
"C58","factor",0,0
"C59","factor",0,0
"C60","factor",0,0
"C61","factor",0,0
"C62","factor",0,0
"C63","factor",0,0
"C64","factor",0,0
"C66","factor",0,0
"C67","factor",0,0
"C68","factor",0,0
"C71","factor",0,0
"C72","factor",0,0
"C73","factor",0,0
"C74","factor",0,0
"C75","factor",0,0
"C76","factor",0,0
"C78","factor",0,0
"C80","factor",831,27.68
"C81","factor",0,0
"C84","factor",0,0
"C85_8_OTHER","factor",0,0
"C86","factor",239,7.96
"BL87","factor",0,0
"BL88","factor",0,0
"BL89","factor",0,0
"BL90","factor",0,0
"BL91","factor",0,0
"BL92","factor",0,0
"BL93","factor",0,0
"BL94","factor",0,0
"BL95","factor",0,0
"BL96","factor",0,0
"A103_TREATMENTS","factor",0,0
"C106","factor",0,0
"C107","factor",0,0
"C108","factor",0,0
"C109","factor",0,0
"C110","factor",0,0
"C111","factor",0,0
"C112","factor",0,0
"C113","factor",0,0
"C114","factor",0,0
"C115","factor",0,0
"C118","factor",0,0
"C119","factor",0,0
"C120","factor",0,0
"C121","factor",0,0
"C129","factor",0,0
"C129_8_OTHER","factor",0,0
"C130","factor",547,18.22
"C131","factor",547,18.22
"BA132","factor",0,0
"C137","factor",0,0
"C138","factor",0,0
"C139","factor",0,0
"C140","factor",0,0
"C141","factor",0,0
"C142","factor",0,0
"BLA146","factor",0,0
"LA147","factor",0,0
"C150","factor",0,0
"C151","factor",1267,42.21
"C152","factor",0,0
"BL155","factor",0,0
"C158","factor",0,0
"BL171","factor",0,0
"BL172","factor",0,0
"BL173","factor",0,0
"BL174","factor",0,0
"BL175","factor",0,0
"BL176","factor",0,0
"BLA190","factor",0,0
"BLA191","factor",0,0
"L192","factor",0,0
"LA193","factor",0,0
"C194","factor",0,0
"L195_1","numeric",0,0
"L195_2","numeric",0,0
"L195_3","numeric",0,0
"L198","factor",1495,49.8
"L199","factor",0,0
"LA200","factor",0,0
"LA201","factor",0,0
"LA201A","factor",0,0
"LA202_1","numeric",1197,39.87
"LA202_2","numeric",720,23.98
"LA202_3","numeric",740,24.65
"LA202_4","numeric",1267,42.21
"LA202_5","numeric",790,26.32
"LA202_6","numeric",1022,34.04
"LA202_7","numeric",562,18.72
"LA202_NONE","factor",0,0
"LA203","factor",0,0
"LA204","factor",0,0
"BLA205","factor",0,0
"BLA206","factor",0,0
"BLA207","factor",0,0
"BLA208","factor",0,0
"L209","factor",0,0
"L211B","numeric",1475,49.13
"L212","factor",0,0
"L213","factor",0,0
"L214","factor",0,0
"L215","factor",0,0
"L216NAME_HID","factor",0,0
"L216DESC_HID","factor",0,0
"PRONOUN1_HID","factor",0,0
"PRONOUN2_HID","factor",0,0
"L216","factor",46,1.53
"L217","factor",0,0
"L218","factor",0,0
"L219","factor",0,0
"L220","factor",0,0
"C221","factor",0,0
"C222","factor",0,0
"C223","factor",0,0
"C224","factor",0,0
"C225","factor",0,0
"C226","factor",0,0
"BL227","factor",0,0
"C228","factor",0,0
"BL229","factor",0,0
"L230","factor",0,0
"L231","factor",0,0
"L232","factor",0,0
"C233","factor",0,0
"C234","factor",0,0
"C235","factor",0,0
"C236","factor",0,0
"C237","factor",0,0
"C237_7_OTHER","factor",0,0
"C238","factor",0,0
"C239","factor",0,0
"C240","factor",0,0
"L241","factor",0,0
"C242_HID","factor",204,6.8
"C242A","factor",0,0
"C243","factor",0,0
"C244","factor",0,0
"C245","factor",0,0
"C246","factor",0,0
"C247","factor",0,0
"C248","factor",0,0
"C249","factor",0,0
"LA250","factor",0,0
"C251","factor",0,0
"C253","factor",1432,47.7
"C254","factor",1445,48.13
"C255","factor",1443,48.07
"C256","factor",1453,48.4
"C257","factor",1450,48.3
"C258","factor",1449,48.27
"C259_OTHER","factor",0,0
"C260","factor",1426,47.5
"C261","factor",1426,47.5
"C242B","factor",0,0
"C262","factor",4,0.13
"C263","factor",0,0
"C264","factor",0,0
"C265_1","numeric",0,0
"C265_2","numeric",0,0
"L266","factor",0,0
"L267","factor",0,0
"L268","factor",0,0
"L269","factor",0,0
"L270","factor",0,0
"L271","factor",0,0
"C272","numeric",0,0
"C273","numeric",0,0
"BLOCK_274_275","factor",0,0
"C275","factor",1479,49.27
"C276","factor",0,0
"C277","factor",0,0
"C278","factor",0,0
"C279","factor",0,0
"C280","factor",0,0
"C281","factor",0,0
"C282","factor",0,0
"C283","factor",0,0
"C284","factor",0,0
"C285","factor",0,0
"C286","factor",0,0
"C287","factor",0,0
"C288","factor",0,0
"C289","factor",0,0
"L290","factor",0,0
"L292","factor",1475,49.13
"L293","factor",0,0
"L294","factor",0,0
"L295","factor",1484,49.43
"L298","factor",1449,48.27
"L299","factor",0,0
"L300","factor",0,0
"L301","factor",0,0
"L302","factor",0,0
"LA303","factor",0,0
"TIME_304","factor",0,0
"C317","factor",0,0
"C318","factor",0,0
"C319","factor",0,0
"C320","factor",0,0
"C321","factor",0,0
"C322","factor",0,0
"C323","factor",0,0
"C324","factor",0,0
"C325","factor",0,0
"C326","factor",0,0
"C327","factor",0,0
"C329","factor",0,0
"C330","factor",0,0
"C331","factor",0,0
"C332","factor",0,0
"C333","factor",0,0
"C334","factor",0,0
"C335","factor",0,0
"C336","factor",0,0
"C337","factor",0,0
"C338","factor",0,0
"C339","factor",0,0
"C340","factor",0,0
"C341","factor",0,0
"C342","factor",0,0
"C343","factor",43,1.43
"C344","factor",56,1.87
"C346","factor",0,0
"C347_CITY","factor",0,0
"C347_STATE","factor",0,0
"C348","factor",0,0
"C349_1","numeric",214,7.13
"C349_2","numeric",417,13.89
"C349_3","numeric",192,6.4
"C349_4","numeric",710,23.65
"C349_5","numeric",1180,39.31
"C351","factor",1484,49.43
"C353","factor",1484,49.43
"C355","factor",1484,49.43
"C357","factor",1484,49.43
"C359","factor",1484,49.43
"C361","factor",0,0
"C362","factor",0,0
"C363","factor",0,0
"L364","factor",0,0
"L366","factor",0,0
"C373","factor",0,0
"C373_7_OTHER","factor",0,0
"C375_6_OTHER","factor",0,0
"C377","factor",871,29.01
"C380","factor",0,0
"C381","factor",0,0
"C382M","factor",0,0
"C382F","factor",0,0
"C383","factor",0,0
"C385","factor",0,0
"C386","factor",1139,37.94
"C387","factor",1220,40.64
"C388","factor",0,0
"C389","factor",0,0
"C390","factor",0,0
"C391_1","factor",28,0.93
"C391_2","factor",32,1.07
"C391_3","factor",33,1.1
"C391_4","factor",54,1.8
"C391_5","factor",73,2.43
"C391_6","factor",57,1.9
"C391_7","factor",52,1.73
"C391_8","factor",53,1.77
"C391_9","factor",45,1.5
"C391_10","factor",56,1.87
"C391_11","factor",119,3.96
"C391_12","factor",90,3
"C391_13","factor",101,3.36
"C391_14","factor",1054,35.11
"C391_14_OTHER","factor",0,0
"C392","factor",0,0
"LOG_POPDENSITY_ZIP","numeric",109,3.63
"URBANICITY9","numeric",38,1.27
"DP2000_TOTALPOP","numeric",106,3.53
"DP2000_PERCENTMALE","numeric",106,3.53
"DP2000_PERCENTFEMALE","numeric",106,3.53
"DP2000_MEDIANAGE","numeric",106,3.53
"DP2000_PERCENT18OLDER","numeric",106,3.53
"DP2000_PERCENT18OLDERMALE","numeric",106,3.53
"DP2000_PERCENT18OLDERFEMALE","numeric",106,3.53
"DP2000_PERCENT65OLDER","numeric",106,3.53
"DP2000_NUMBWHITE","numeric",106,3.53
"DP2000_PERCENTWHITE","numeric",106,3.53
"DP2000_NUMBBLACK","numeric",106,3.53
"DP2000_PERCENTBLACK","numeric",106,3.53
"DP2000_NUMBAMERICANINDIANALASKAN","numeric",106,3.53
"DP2000_PERCENTAMERICANINDIANALAS","numeric",106,3.53
"DP2000_NUMBASIAN","numeric",106,3.53
"DP2000_PERCENTASIAN","numeric",106,3.53
"DP2000_NUMBASIANINDIAN","numeric",106,3.53
"DP2000_PERCENTASIANINDIAN","numeric",106,3.53
"DP2000_NUMBASIANCHINESE","numeric",106,3.53
"DP2000_PERCENTASIANCHINESE","numeric",106,3.53
"DP2000_NUMBASIANFILIPINO","numeric",106,3.53
"DP2000_PERCENTASIANFILIPINO","numeric",106,3.53
"DP2000_NUMBASIANJAPANESE","numeric",106,3.53
"DP2000_PERCENTASIANJAPANESE","numeric",106,3.53
"DP2000_NUMBASIANKOREAN","numeric",106,3.53
"DP2000_PERCENTASIANKOREAN","numeric",106,3.53
"DP2000_NUMBASIANVIETNAMESE","numeric",106,3.53
"DP2000_PERCENTASIANVIETNAMESE","numeric",106,3.53
"DP2000_NUMBASIANOTHER","numeric",106,3.53
"DP2000_PERCENTASIANOTHER","numeric",106,3.53
"DP2000_NUMBERHAWAIIANPACIFICISLA","numeric",106,3.53
"DP2000_PERCENTHAWAIIANPACIFICISL","numeric",106,3.53
"DP2000_NUMBOTHERRACE","numeric",106,3.53
"DP2000_PERCENTOTHERRACE","numeric",106,3.53
"DP2000_NUMBHISP","numeric",106,3.53
"DP2000_PERCENTHISP","numeric",106,3.53
"DP2000_NUMBMEXICAN","numeric",106,3.53
"DP2000_PERCENTMEXICAN","numeric",106,3.53
"DP2000_NUMBPUERTORICAN","numeric",106,3.53
"DP2000_PERCENTPUERTORICAN","numeric",106,3.53
"DP2000_NUMBCUBAN","numeric",106,3.53
"DP2000_PERCENTCUBAN","numeric",106,3.53
"DP2000_NUMBOTHERHISP","numeric",106,3.53
"DP2000_PERCENTOTHERHISP","numeric",106,3.53
"DP2000_NUMBNONHISP","numeric",106,3.53
"DP2000_PERCENTNONHISP","numeric",106,3.53
"DP2000_NUMBWHITENONHISP","numeric",106,3.53
"DP2000_PERCENTWHITENONHISP","numeric",106,3.53
"DP2000_PERCENTHOUSEHOLDFAMILIES","numeric",106,3.53
"DP2000_PERCENTHOUSEHOLDFAMILYWKI","numeric",106,3.53
"DP2000_PERCENTHOUSEHOLDSMARRIED","numeric",106,3.53
"DP2000_02_PERCENTHOUSEHOLDSMARRI","numeric",106,3.53
"DP2000_PERCENTHOUSEHOLDSSINGLEFE","numeric",106,3.53
"DP2000_PERCENTHOUSEHOLDSW18ORYOU","numeric",106,3.53
"DP2000_PERCENTHOUSEHOLDSW65OROLD","numeric",106,3.53
"DP2000_AVERAGEHOUSHOLDSIZE","numeric",106,3.53
"DP2000_AVERAGEFAMILYSIZE","numeric",106,3.53
"DP2000_TOTALNUMBHOUSEHOLDS","numeric",106,3.53
"DP2000_PERCENTHOUSEHOLDSOCCUPIED","numeric",106,3.53
"DP2000_PERCENTHOUSEHOLDSVACANT","numeric",106,3.53
"DP2000_PERCENTHOMEOWNERVACANCY","numeric",106,3.53
"DP2000_PERCENTRENTALVACANCY","numeric",106,3.53
"HISP2000_NUMBDOMINICAN","numeric",106,3.53
"HISP2000_PERCENTDOMINICAN","numeric",108,3.6
"HISP2000_NUMBCENTRALAMERICAN","numeric",106,3.53
"HISP2000_PERCENTCENTRALAMERICAN","numeric",108,3.6
"HISP2000_NUMBCOSTARICAN","numeric",106,3.53
"HISP2000_PERCENTCOSTARICAN","numeric",108,3.6
"HISP2000_NUMBGUATEMALAN","numeric",106,3.53
"HISP2000_PERCENTGUATEMALAN","numeric",108,3.6
"HISP2000_NUMBHONDURAN","numeric",106,3.53
"HISP2000_PERCENTHONDURAN","numeric",108,3.6
"HISP2000_NUMBNICARAGUAN","numeric",106,3.53
"HISP2000_PERCENTNICARAGUAN","numeric",108,3.6
"HISP2000_NUMBPANAMANIAN","numeric",106,3.53
"HISP2000_PERCENTPANAMANIAN","numeric",108,3.6
"HISP2000_NUMBSALVADORAN","numeric",106,3.53
"HISP2000_PERCENTSALVADORAN","numeric",108,3.6
"HISP2000_NUMBOTHERCENTRALAMERICA","numeric",106,3.53
"HISP2000_PERCENTOTHERCENTRALAMER","numeric",108,3.6
"HISP2000_NUMBSAMERICAN","numeric",106,3.53
"HISP2000_PERCENTSAMERICAN","numeric",108,3.6
"HISP2000_NUMBARGENTINEAN","numeric",106,3.53
"HISP2000_PERCENTARGENTINEAN","numeric",108,3.6
"HISP2000_NUMBBOLIVIAN","numeric",106,3.53
"HISP2000_PERCENTBOLIVIAN","numeric",108,3.6
"HISP2000_NUMBCHILEAN","numeric",106,3.53
"HISP2000_PERCENTCHILEAN","numeric",108,3.6
"HISP2000_NUMBCOLOMBIAN","numeric",106,3.53
"HISP2000_PERCENTCOLOMBIAN","numeric",108,3.6
"HISP2000_NUMBECUADORIAN","numeric",106,3.53
"HISP2000_PERCENTECUADORIAN","numeric",108,3.6
"HISP2000_NUMBPARAGUAYAN","numeric",106,3.53
"HISP2000_PERCENTPARAGUAYAN","numeric",108,3.6
"HISP2000_NUMBPERUVIAN","numeric",106,3.53
"HISP2000_PERCENTPERUVIAN","numeric",108,3.6
"HISP2000_NUMBURUGUAYAN","numeric",106,3.53
"HISP2000_PERCENTURUGUAYAN","numeric",108,3.6
"HISP2000_NUMBVENEZUELAN","numeric",106,3.53
"HISP2000_PERCENTVENEZUELAN","numeric",108,3.6
"HISP2000_NUMBOTHERSAMERICAN","numeric",106,3.53
"HISP2000_PERCENTOTHERSAMERICAN","numeric",108,3.6
"SC2000_PERCENTEDUCLESSTHANGRADE9","numeric",109,3.63
"SC2000_PERCENTEDUC9_12NODIPLOMA","numeric",109,3.63
"SC2000_PERCENTEDUCHIGHSCHOOLGRAD","numeric",109,3.63
"SC2000_PERCENTEDUCSOMECOLLEGE","numeric",109,3.63
"SC2000_PERCENTEDUCAA","numeric",109,3.63
"SC2000_PERCENTEDUCBA","numeric",109,3.63
"SC2000_PERCENTEDUCGRADUATEPROFDE","numeric",109,3.63
"SC2000_PERCENTEDUCHSORHIGHER","numeric",109,3.63
"SC2000_PERCENTEDUCBAORHIGHER","numeric",109,3.63
"SC2000_PERCENTNATIVEBORN","numeric",109,3.63
"SC2000_PERCENTFOREIGHBORN","numeric",109,3.63
"SC2000_PERCENTNOTCITIZEN","numeric",109,3.63
"SC2000_PERCENTLANGUAGEENGLISHONL","numeric",109,3.63
"SC2000_PERCENTLANGUAGENONENGLISH","numeric",109,3.63
"EC2000_PERCENTLABORFORCE","numeric",106,3.53
"EC2000_PERCENTEMPLOYED","numeric",106,3.53
"EC2000_PERCENTUNEMPLOYED","numeric",106,3.53
"EC2000_PERCENTNOTLABORFORCE","numeric",106,3.53
"EC2000_PERCENTCOMMUTEALONE","numeric",106,3.53
"EC2000_PERCENTCOMMUTEWALK","numeric",106,3.53
"EC2000_PERCENTINCLESSTHAN10K","numeric",106,3.53
"EC2000_PERCENTINC10K_14K","numeric",106,3.53
"EC2000_PERCENTINC15K_24K","numeric",106,3.53
"EC2000_PERCENTINC25K_34K","numeric",106,3.53
"EC2000_PERCENTINC35K_49K","numeric",106,3.53
"EC2000_PERCENTINC50K_74K","numeric",106,3.53
"EC2000_PERCENT75K_99K","numeric",106,3.53
"EC2000_PERCENTINC100K_149K","numeric",106,3.53
"EC2000_PERCENTINC150K_199K","numeric",106,3.53
"EC2000_PERCENTINC200K_MORE","numeric",106,3.53
"EC2000_MEDIANHHINC","numeric",106,3.53
"EC2000_MEANHHINCE","numeric",106,3.53
"EC2000_MEDIANFAMILYINC","numeric",106,3.53
"EC2000_MEDIANINCFULLTIMEMALE","numeric",106,3.53
"EC2000_MEDIANINCFULLTIMEFEMALE","numeric",106,3.53
"EC2000_PERCENTFAMILIESBELOWPOVER","numeric",106,3.53
"EC2000_PERCENTFAMILYWKIDSBELOWPO","numeric",106,3.53
"EC2000_PERCENTALLPEOPLEBELOWPOVE","numeric",106,3.53
"HC2000_PERCENTHOUSESBUILTBEFORE1","numeric",106,3.53
"HC2000_MEDIANHOUSEVALUE","numeric",106,3.53
"HC2000_MEDIANGROSSRENT","numeric",106,3.53
"DP2010_TOTALPOPULATION","numeric",39,1.3
"DP2010_MEDIANAGE","numeric",39,1.3
"DP2010_PERCENT18OLDER","numeric",40,1.33
"DP2010_NUMBMALE","numeric",39,1.3
"DP2010_PERCENTMALE","numeric",40,1.33
"DP2010_MEDIANAGEMALE","numeric",39,1.3
"DP2010_PERCENT18OLDERMALER","numeric",40,1.33
"DP2010_NUMBFEMALE","numeric",39,1.3
"DP2010_PERCENTFEMALE","numeric",40,1.33
"DP2010_MEDIANAGEFEMALE","numeric",39,1.3
"DP2010_PERCENT18OLDERFEMALE","numeric",40,1.33
"DP2010_NUMBWHITE","numeric",39,1.3
"DP2010_PERCENTWHITE","numeric",40,1.33
"DP2010_NUMBBLACK","numeric",39,1.3
"DP2010_PERCENTBLACK","numeric",40,1.33
"DP2010_NUMBERAMERICANINDIANALASK","numeric",39,1.3
"DP2010_PERCENTAMERICANINDIANALAS","numeric",40,1.33
"DP2010_NUMBASIAN","numeric",39,1.3
"DP2010_PERCENTASIAN","numeric",40,1.33
"DP2010_NUMBERASIANINDIAN","numeric",39,1.3
"DP2010_PERCENTASIANINDIAN","numeric",40,1.33
"DP2010_NUMBERASIANCHINESE","numeric",39,1.3
"DP2010_PERCENTASIANCHINESE","numeric",40,1.33
"DP2010_NUMBASIANFILIPINO","numeric",39,1.3
"DP2010_PERCENTASIANFILIPINO","numeric",40,1.33
"DP2010_NUMBJAPANESE","numeric",39,1.3
"DP2010_PERCENTJAPANESE","numeric",40,1.33
"DP2010_NUMBKOREAN","numeric",39,1.3
"DP2010_PERCENTKOREAN","numeric",40,1.33
"DP2010_NUMBASIANVIETNAMESE","numeric",39,1.3
"DP2010_PERCENTASIANVIETNAMESE","numeric",40,1.33
"DP2010_NUMBASIANOTHER","numeric",39,1.3
"DP2010_PERCENTASIANOTHER","numeric",40,1.33
"DP2010_NUMBHAWAIIANPACIFICISLAND","numeric",39,1.3
"DP2010_PERCENTHAWAIIANPACIFICISL","numeric",40,1.33
"DP2010_NUMBOTHERRACE","numeric",39,1.3
"DP2010_PERCENTOTHERRACE","numeric",40,1.33
"DP2010_NUMBHISP","numeric",39,1.3
"DP2010_PERCENTHISP","numeric",40,1.33
"DP2010_NUMBMEXICAN","numeric",39,1.3
"DP2010_PERCENTMEXICAN","numeric",40,1.33
"DP2010_NUMBPUERTORICAN","numeric",39,1.3
"DP2010_PERCENTPUERTORICAN","numeric",40,1.33
"DP2010_NUMBCUBAN","numeric",39,1.3
"DP2010_PERCENTCUBAN","numeric",40,1.33
"DP2010_NUMBOTHERHISP","numeric",39,1.3
"DP2010_PERCENTOTHERHISP","numeric",40,1.33
"DP2010_NUMBNOTHISP","numeric",39,1.3
"DP2010_PERCENTNOTHISP","numeric",40,1.33
"DP2010_NUMBNONHISPWHITE","numeric",39,1.3
"DP2010_PERCENTNONHISPWHITE","numeric",40,1.33
"DP2010_TOTALHOUSEHOLD","numeric",40,1.33
"DP2010_PERCENTHOUSEHOLDSWCHILDUN","numeric",40,1.33
"DP2010_PERCENTHOUSEHOLDMARRIED","numeric",40,1.33
"DP2010_PERCENTHOUSEHOLDMARRIEDWK","numeric",40,1.33
"DP2010_PERCENTSINGLEFATHERHOUSEH","numeric",40,1.33
"DP2010_PERCENTSINGLEMOTHERHOUSEH","numeric",40,1.33
"DP2010_PERCENTHOUSEHOLDWUNDER18Y","numeric",40,1.33
"DP2010_PERCENTHOUSEHOLDW65YEARSO","numeric",40,1.33
"DP2010_AVGHOUSEHOLDSIZE","numeric",39,1.3
"DP2010_AVGFAMILYSIZE","numeric",39,1.3
"DP2010_TOTALHOUSINGUNITS","numeric",39,1.3
"DP2010_PERCENTHOUSINGOCCUPIED","numeric",40,1.33
"DP2010_PERCENTHOUSINGVACANT","numeric",40,1.33
"DP2010_PERCENTHOMEOWNERVACANCY","numeric",39,1.3
"DP2010_PERCENTRENTALVACANCY","numeric",39,1.3
"HISP2010_NUMBDOMINICAN","numeric",39,1.3
"HISP2010_PERCENTDOMINICAN","numeric",40,1.33
"HISP2010_NUMBCENTAMERICAN","numeric",39,1.3
"HISP2010_PERCENTCENTAMERICAN","numeric",40,1.33
"HISP2010_NUMBCOSTARICAN","numeric",39,1.3
"HISP2010_PERCENTCOSTARICAN","numeric",40,1.33
"HISP2010_NUMBGUATEMALAN","numeric",39,1.3
"HISP2010_PERCENTGUATEMALAN","numeric",40,1.33
"HISP2010_NUMBHONDURAN","numeric",39,1.3
"HISP2010_PERCENTHONDURAN","numeric",40,1.33
"HISP2010_NUMBNICARAGUAN","numeric",39,1.3
"HISP2010_PERCENTNICARAGUAN","numeric",40,1.33
"HISP2010_NUMBPANAMANIAN","numeric",39,1.3
"HISP2010_PERCENTPANAMANIAN","numeric",40,1.33
"HISP2010_NUMBSALVADORAN","numeric",39,1.3
"HISP2010_PERCENTSALVADORAN","numeric",40,1.33
"HISP2010_NUMBOTHERCENTAMERICAN","numeric",39,1.3
"HISP2010_PERCENTOTHERCENTAMERICA","numeric",40,1.33
"HISP2010_NUMBSOUTHAMERICAN","numeric",39,1.3
"HISP2010_PERCENTSOUTHAMERICAN","numeric",40,1.33
"HISP2010_NUMBARGENTIANEAN","numeric",39,1.3
"HISP2010_PERCENTARGENTINEAN","numeric",40,1.33
"HISP2010_NUMBBOLIVIAN","numeric",39,1.3
"HISP2010_PERCENTBOLIVIAN","numeric",40,1.33
"HISP2010_NUMBCHILEAN","numeric",39,1.3
"HISP2010_PERCENTCHILEAN","numeric",40,1.33
"HISP2010_NUMBCOLOMBIAN","numeric",39,1.3
"HISP2010_PERCENTCOLOMBIAN","numeric",40,1.33
"HISP2010_NUMBECUADORIAN","numeric",39,1.3
"HISP2010_PERCENTECUDORIAN","numeric",40,1.33
"HISP2010_NUMBPARAGUAYAN","numeric",39,1.3
"HISP2010_PERCENTPARAGUAYAN","numeric",40,1.33
"HISP2010_NUMBPERUVIAN","numeric",39,1.3
"HISP2010_PERCENTPERUVIAN","numeric",40,1.33
"HISP2010_NUMBURUGUAYAN","numeric",39,1.3
"HISP2010_PERCENTURUGUAYAN","numeric",40,1.33
"HISP2010_NUMBVENEZUELAN","numeric",39,1.3
"HISP2010_PERCENTVENEZUELAN","numeric",40,1.33
"HISP2010_NUMBOTHERSOUTHAMERICAN","numeric",39,1.3
"HISP2010_PERCENTOTHERSOUTHAMERIC","numeric",40,1.33
"EC2011_PERCENTLABORFORCE","numeric",40,1.33
"EC2011_PERCENTEMPLOYED","numeric",40,1.33
"EC2011_PERCENTUNEMPLOYED","numeric",40,1.33
"EC2011_PERCENTNOTLABORFORCE","numeric",40,1.33
"EC2011_PERCENTCOMMUTINGALONE","numeric",40,1.33
"EC2011_PERCENTCOMMUTINGWALKING","numeric",40,1.33
"EC2011_PERCENTINCLESSTHAN10K","numeric",40,1.33
"EC2011_PERCENTINC10K_14K","numeric",40,1.33
"EC2011_PERCENTINC15K_24K","numeric",40,1.33
"EC2011_PERCENTINC25K_34K","numeric",40,1.33
"EC2011_PERCENTINC35K_49K","numeric",40,1.33
"EC2011_PERCENTINC50K_74K","numeric",40,1.33
"EC2011_PERCENTINC75K_99K","numeric",40,1.33
"EC2011_PERCENTINC100K_149K","numeric",40,1.33
"EC2011_PERCENTINC150K_199K","numeric",40,1.33
"EC2011_PERCENTINC200K_MORE","numeric",40,1.33
"EC2011_MEDIANHHINC","numeric",41,1.37
"EC2011_MEANHHINC","numeric",41,1.37
"EC2011_MEDIANFAMILYINC","numeric",41,1.37
"EC2011_MEANFAMILYINC","numeric",42,1.4
"EC2011_MEDIANINCFULLTIMEMALE","numeric",42,1.4
"EC2011_MEDIANINCFULLTIMEFEMALE","numeric",43,1.43
"EC2011_PERCENTFAMILESBELOWPOVERT","numeric",41,1.37
"EC2011_PERCENTFAMILIESWKIDSBELOW","numeric",41,1.37
"EC2011_PERCENTALLPEOPLEBELOWPOVE","numeric",40,1.33
"HC2011_PERCENTHOMESBUILTBEFORE19","numeric",40,1.33
"HC2011_MEDIANHOMEVALUE","numeric",53,1.77
"HC2011_MEDIANGROSSRENT","numeric",58,1.93
"SC2011_PERCENTEDUCLESSTHANGRADE9","numeric",43,1.43
"SC2011_PERCENTEDUC9_12NODIP","numeric",43,1.43
"SC2011_PERCENTEDUCHIGHSCHOOLGRAD","numeric",43,1.43
"SC2011_PERCENTEDUCSOMECOLLEGE","numeric",43,1.43
"SC2011_PERCENTEDUCAA","numeric",43,1.43
"SC2011_PERCENTEDUCBA","numeric",43,1.43
"SC2011_PERCENTEDUCGRADUATEPROFDE","numeric",43,1.43
"SC2011_PERCENTEDUCHSORHIGHER","numeric",43,1.43
"SC2011_PERCENTEDUCBAORHIGHER","numeric",43,1.43
"SC2011_PERCENTNATIVEBORN","numeric",43,1.43
"SC2011_PERCENTFOREIGNBORN","numeric",43,1.43
"SC2011_PERCENTNOTCITIZEN","numeric",51,1.7
"SC2011_PERCENTLANGUAGEENGLISHONL","numeric",43,1.43
"SC2011_PERCENTLANGUAGENONENGLISH","numeric",43,1.43
"DP2015_TOTALPOP","numeric",39,1.3
"DP2015_PERCENTMALE","numeric",40,1.33
"DP2015_PERCENTFEMALE","numeric",40,1.33
"DP2015_MEDIANAGE","numeric",40,1.33
"DP2015_PERCENT18OLDER","numeric",40,1.33
"DP2015_03_PERCENT18OLDERMALE","numeric",40,1.33
"DP2015_03_PERCENT18OLDERFEMALE","numeric",40,1.33
"DP2015_NUMBWHITE","numeric",39,1.3
"DP2015_PERCENTWHITE","numeric",40,1.33
"DP2015_NUMBBLACK","numeric",39,1.3
"DP2015_PERCENTBLACK","numeric",40,1.33
"DP2015_NUMBAMERICANINDIANALASKAN","numeric",39,1.3
"DP2015_PERCENTAMERICANINDIANALAS","numeric",40,1.33
"DP2015_NUMBASIAN","numeric",39,1.3
"DP2015_PERCENTASIAN","numeric",40,1.33
"DP2015_NUMBASIANINDIAN","numeric",39,1.3
"DP2015_PERCENTASIANINDIAN","numeric",40,1.33
"DP2015_NUMBASIANCHINESE","numeric",39,1.3
"DP2015_PERCENTASIANCHINESE","numeric",40,1.33
"DP2015_NUMBASIANFILIPINO","numeric",39,1.3
"DP2015_PERCENTASIANFILIPINO","numeric",40,1.33
"DP2015_NUMBASIANJAPANESE","numeric",39,1.3
"DP2015_PERCENTASIANJAPANESE","numeric",40,1.33
"DP2015_NUMBASIANKOREAN","numeric",39,1.3
"DP2015_PERCENTASIANKOREAN","numeric",40,1.33
"DP2015_NUMBASIANVIETNAMESE","numeric",39,1.3
"DP2015_PERCENTASIANVIETNAMESE","numeric",40,1.33
"DP2015_NUMBASIANOTHER","numeric",39,1.3
"DP2015_PERCENTASIANOTHER","numeric",40,1.33
"DP2015_NUMBHAWAIIANPACIFICISLAND","numeric",39,1.3
"DP2015_PERCENTHAWAIIANPACIFICISL","numeric",40,1.33
"DP2015_NUMBEROTHERRACE","numeric",39,1.3
"DP2015_PERCENTOTHERRACE","numeric",40,1.33
"DP2015_NUMBHISP","numeric",39,1.3
"DP2015_PERCENTHISP","numeric",40,1.33
"DP2015_NUMBMEXICAN","numeric",39,1.3
"DP2015_PERCENTMEXICAN","numeric",40,1.33
"DP2015_NUMBPUERTORICAN","numeric",39,1.3
"DP2015_PERCENTPUERTORICAN","numeric",40,1.33
"DP2015_NUMBCUBAN","numeric",39,1.3
"DP2015_PERCENTCUBAN","numeric",40,1.33
"DP2015_NUMBOTHERHISP","numeric",39,1.3
"DP2015_PERCENTOTHERHISP","numeric",40,1.33
"DP2015_NUMBNOTHISP","numeric",39,1.3
"DP2015_PERCENTNOTHISP","numeric",40,1.33
"DP2015_NUMBWHITENONHISP","numeric",39,1.3
"DP2015_PERCENTWHITENONHISP","numeric",40,1.33
"HISP2015_NUMBDOMINICAN","numeric",39,1.3
"HISP2015_NUMBCENTRALAMERICAN","numeric",39,1.3
"HISP2015_NUMBCOSTARICAN","numeric",39,1.3
"HISP2015_NUMBGUATEMALAN","numeric",39,1.3
"HISP2015_NUMBHONDURAN","numeric",39,1.3
"HISP2015_01_NUMBNICARAGUAN","numeric",39,1.3
"HISP2015_01_NUMBPANAMANIAN","numeric",39,1.3
"HISP2015_NUMBSALVADORAN","numeric",39,1.3
"HISP2015_NUMBOTHERCENTRALAMERICA","numeric",39,1.3
"HISP2015_NUMBSAMERICAN","numeric",39,1.3
"HISP2015_NUMBARGENTINEAN","numeric",39,1.3
"HISP2015_NUMBBOLIVIAN","numeric",39,1.3
"HISP2015_NUMBCHILEAN","numeric",39,1.3
"HISP2015_NUMBCOLOMBIAN","numeric",39,1.3
"HISP2015_NUMBECUADORIAN","numeric",39,1.3
"HISP2015_NUMBPARAGUAYAN","numeric",39,1.3
"HISP2015_NUMBPERUVIAN","numeric",39,1.3
"HISP2015_NUMBURUGUAYAN","numeric",39,1.3
"HISP2015_NUMBVENEZUELAN","numeric",39,1.3
"HISP2015_NUMBOTHERSAMERICAN","numeric",39,1.3
"EC2015_NUMBLABORFORCE","numeric",39,1.3
"EC2015_PERCENTLABORFORCE","numeric",40,1.33
"EC2015_PERCENTCOMMUTEALONE","numeric",40,1.33
"EC2015_PERCENTCOMMUTEWALKING","numeric",40,1.33
"EC2015_PERCENTINCELESSTHAN10K","numeric",40,1.33
"EC2015_PERCENTINC10K_14K","numeric",40,1.33
"EC2015_PERCENTINC15K_24K","numeric",40,1.33
"EC2015_PERCENTINC25K_34K","numeric",40,1.33
"EC2015_PERCENTINC35K_49K","numeric",40,1.33
"EC2015_PERCENTINC50K_74K","numeric",40,1.33
"EC2015_PERCENTINC75K_99K","numeric",40,1.33
"EC2015_PERCENTINC100K_149K","numeric",40,1.33
"EC2015_PERCENTINC150K_199K","numeric",40,1.33
"EC2015_PERCENTINC200K_MORE","numeric",40,1.33
"EC2015_MEDIANHHINC","numeric",42,1.4
"EC2015_MEANHHINC","numeric",41,1.37
"EC2015_01_MEDIANFAMILYINC","numeric",43,1.43
"EC2015_MEANFAMILYINC","numeric",43,1.43
"EC2015_MEDIANINCFULLTIMEMALE","numeric",71,2.37
"EC2015_MEDIANINCFULLTIMEFEMALE","numeric",71,2.37
"EC2015_PERCENTFAMILIESBELOWPOVER","numeric",40,1.33
"EC2015_PERCENTFAMILIESWKIDSBELOW","numeric",41,1.37
"EC2015_PERCENTALLPEOPLEBELOWPOVE","numeric",40,1.33
"HC2015_PERCENTHOUSESBUILTBEFORE1","numeric",40,1.33
"HC2015_MEDIANHOMEVALUE","numeric",50,1.67
"HC2015_MEDIANGROSSRENT","numeric",45,1.5
"SC2015_PERCENTEDUCLESSTHANGRADE9","numeric",43,1.43
"SC2015_PERCENTEDUC9_12NODIPLOMA","numeric",43,1.43
"SC2015_PERCENTEDUCHIGHSCHOOLGRAD","numeric",43,1.43
"SC2015_PERCENTEDUCSOMECOLLEGE","numeric",43,1.43
"SC2015_PERCENTEDUCAA","numeric",43,1.43
"SC2015_PERCENTEDUCBA","numeric",43,1.43
"SC2015_PERCENTEDUCGRADUATEPROFDE","numeric",43,1.43
"SC2015_PERCENTEDUCHSORHIGHER","numeric",43,1.43
"SC2015_PERCENTEDUCBAORHIGHER","numeric",43,1.43
"SC2015_PERCENTNATIVEBORN","numeric",43,1.43
"SC2015_PERCENTFOREIGNBORN","numeric",43,1.43
"SC2015_PERCENTNOTCITIZEN","numeric",54,1.8
"SC2015_PERCENTLANGUAGEENGLISHONL","numeric",43,1.43
"SC2015_PERCENTLANGUAGENONENGLISH","numeric",43,1.43
